,short_name,full_name
0,Zaliani_A,Zaliani Andrea
1,Geisslinger_G,Geisslinger Gerd
2,Bojkova_D,Bojkova Denisa
3,Lentzen_M,Lentzen Manuel
4,DeLong_L_N,DeLong Lauren Nicole
5,Davis_D,Davis Duane
6,Ciesek_S,Ciesek Sandra
7,Raschka_T,Raschka Tamara
8,Lukassen_S,Lukassen Soren
9,Domingo-Fernandez_D,Domingo-Fernandez Daniel
10,van_D_D,van Dijk David
11,Hofmann-Apitius_M,Hofmann-Apitius Martin
12,Karki_R,Karki Reagon
13,Jacobs_M,Jacobs Marc
14,Weiss_M,Weiss Mark
15,Troyer_D,Troyer Deryl
16,Ravindra_N_G,Ravindra Neal G
17,Gribbon_P,Gribbon Phil
18,Gardner_S,Gardner Steve
19,Lage-Rupprecht_V,Lage-Rupprecht Vanessa
20,Reinshagen_J,Reinshagen Jeanette
21,Kodamullil_A_T,Kodamullil Alpha Tom
22,Schultz_B,Schultz Bruce
23,Das_S,Das Sayoni
24,Baksi_S,Baksi Shounak
25,Eils_R,Eils Roland
26,Peitsch_M,Peitsch Manuel
27,Strivens_M,Strivens Mark
28,Claussen_C,Claussen Carsten
29,Hoeng_J,Hoeng Julia
30,Cinatl_J,Cinatl Jindrich
31,Gadiya_Y,Gadiya Yojana
32,Carlin_R,Carlin Ryan
33,Frohlich_H,Frohlich Holger
34,Ebeling_C,Ebeling Christian
